ID,Sentence
1,Artificial intelligence is changing the way people use technology.
2,Machine learning allows computers to learn from data.
3,Deep learning uses neural networks to solve complex problems.
4,Students use online platforms to improve their learning skills.
5,Online education has made learning accessible to many people.
6,Climate change is causing significant changes in global weather patterns.
7,Renewable energy can help reduce dependence on fossil fuels.
8,Scientists are studying new methods to protect the environment.
9,Space agencies are planning new missions to explore the Moon.
10,Astronomers use powerful telescopes to study distant galaxies.
11,Technology companies are developing new artificial intelligence tools.
12,Smartphones have become an important part of everyday communication.
13,Football is one of the most popular sports in the world.
14,Cricket attracts millions of fans across different countries.
15,Healthy food and regular exercise can support a healthy lifestyle.
16,Doctors use modern technology to improve medical diagnosis.
17,Businesses use data analytics to understand customer behavior.
18,Digital payments have become increasingly common around the world.
19,Cybersecurity helps organizations protect their digital information.
20,Cloud computing allows users to access applications and data over the internet.
